{
  "schemaVersion": 1,
  "id": "tutorialmod",
  "version": "${version}",

  "name": "Tutorial Mod",
  "description": "This is an example description! Tell everyone what your mod is about!",
  "authors": [
    "Kaupenjoe"
  ],
  "contact": {
    "homepage": "https://fabricmc.net/",
    "sources": "https://github.com/FabricMC/fabric-example-mod"
  },

  "license": "MIT License",
  "icon": "assets/modid/icon.png",

  "environment": "*",
  "entrypoints": {
    "main": [
      "net.kaupenjoe.tutorialmod.TutorialMod"
    ],
    "client": [
      "net.kaupenjoe.tutorialmod.TutorialModClient"
    ],
    "fabric-datagen": [
      "net.kaupenjoe.tutorialmod.datagen.ModDataGeneration"
    ]
  },
  "mixins": [
    "tutorialmod.mixins.json"
  ],

  "depends": {
    "fabricloader": ">=0.14.6",
    "fabric": "*",
    "minecraft": "~1.19",
    "java": ">=17"
  },
  "suggests": {
    "another-mod": "*"
  }
}
