{
	"format_version": "1.8.0",
	"animations": {
		"animation.chomper.idle": {
			"loop": true,
			"animation_length": 2,
			"bones": {
				"head": {
					"position": {
						"0.0": {
							"vector": [0, 0, 0]
						},
						"0.8": {
							"vector": [0, 0.75, 0]
						},
						"1.68": {
							"vector": [0, 0, 0]
						}
					}
				},
				"right_eye": {
					"rotation": {
						"0.0": {
							"vector": [0, 0, 0]
						},
						"0.56": {
							"vector": [0, -7.5, 0]
						},
						"1.04": {
							"vector": [0, 2.5, 0]
						},
						"1.96": {
							"vector": [0, 0, 0]
						}
					}
				},
				"left_eye": {
					"rotation": {
						"0.0": {
							"vector": [0, 0, 0]
						},
						"0.56": {
							"vector": [0, -7.5, 0]
						},
						"1.04": {
							"vector": [0, 2.5, 0]
						},
						"1.96": {
							"vector": [0, 0, 0]
						}
					}
				},
				"left_arm": {
					"rotation": {
						"0.0": {
							"vector": [0, 0, 0]
						},
						"0.56": {
							"vector": [0, 0, 10]
						},
						"1.28": {
							"vector": [0, 0, -12.5]
						},
						"1.92": {
							"vector": [0, 0, 0]
						}
					}
				},
				"right_arm": {
					"rotation": {
						"0.0": {
							"vector": [0, 0, 0]
						},
						"0.52": {
							"vector": [0, 0, 7]
						},
						"1.96": {
							"vector": [0, 0, 0]
						}
					}
				},
				"body_base": {
					"position": {
						"0.0": {
							"vector": [0, 0, 0]
						},
						"1.0": {
							"vector": [0, 0.75, 0]
						},
						"2.0": {
							"vector": [0, 0, 0]
						}
					}
				}
			}
		},
		"animation.chomper.walk": {
			"loop": true,
			"animation_length": 2.04,
			"bones": {
				"body_base": {
					"rotation": {
						"0.0": {
							"vector": [0, 0, 0]
						},
						"0.76": {
							"vector": [0, 5, 0]
						},
						"1.44": {
							"vector": [0, -2.5, 0]
						},
						"2.0": {
							"vector": [0, 0, 0]
						}
					}
				},
				"right_leg": {
					"rotation": {
						"0.32": {
							"vector": [0, 0, 0]
						},
						"0.6": {
							"vector": [-22.5, 0, 0]
						},
						"1.48": {
							"vector": [0, 0, 0]
						}
					}
				},
				"right_foot": {
					"rotation": {
						"0.0": {
							"vector": [0, 0, 0]
						},
						"1.08": {
							"vector": [20, 0, 0]
						},
						"1.48": {
							"vector": [0, 0, 0]
						}
					},
					"position": {
						"0.32": {
							"vector": [0, 0, 0]
						},
						"0.88": {
							"vector": [0, 0, 1]
						},
						"1.72": {
							"vector": [0, 0, 0]
						}
					}
				},
				"lower_right_leg": {
					"rotation": {
						"0.24": {
							"vector": [0, 0, 0]
						},
						"0.8": {
							"vector": [12.5, 0, 0]
						}
					}
				},
				"left_leg": {
					"rotation": {
						"0.0": {
							"vector": [0, 0, 0]
						},
						"0.48": {
							"vector": [-10, 0, 0]
						},
						"1.08": {
							"vector": [35, 0, 0]
						},
						"2.04": {
							"vector": [0, 0, 0]
						}
					},
					"position": {
						"0.0": {
							"vector": [0, 0, 0]
						},
						"0.48": {
							"vector": [0, 0, -0.2]
						},
						"1.08": {
							"vector": [0, 0, 0.7]
						},
						"1.96": {
							"vector": [0, 0, 0]
						}
					}
				},
				"lower_left_leg": {
					"rotation": {
						"0.44": {
							"vector": [0, 0, 0]
						},
						"1.08": {
							"vector": [-20, 0, 0]
						},
						"1.92": {
							"vector": [0, 0, 0]
						}
					},
					"position": {
						"0.44": {
							"vector": [0, 0, 0]
						},
						"1.08": {
							"vector": [0, 0, -0.6]
						},
						"1.92": {
							"vector": [0, 0, 0]
						}
					}
				},
				"left_foot": {
					"rotation": {
						"0.0": {
							"vector": [0, 0, 0]
						},
						"0.44": {
							"vector": [12.5, 0, 0]
						},
						"1.08": {
							"vector": [-22.5, 0, 0]
						},
						"1.88": {
							"vector": [0, 0, 0]
						}
					},
					"position": {
						"0.44": {
							"vector": [0, 0, 0]
						},
						"1.08": {
							"vector": [0, 0.5, -1]
						},
						"1.88": {
							"vector": [0, 0, 0]
						}
					}
				}
			}
		},
		"animation.chomper.attack": {
			"animation_length": 1,
			"bones": {
				"head": {
					"rotation": {
						"0.0": {
							"vector": [0, 0, 0]
						},
						"0.36": {
							"vector": [7.5, 0, 0]
						},
						"0.84": {
							"vector": [0, 0, 0]
						}
					},
					"position": {
						"0.0": {
							"vector": [0, 0, 0]
						},
						"0.36": {
							"vector": [0, 0, -0.9]
						},
						"0.84": {
							"vector": [0, 0, 0]
						}
					}
				},
				"upperjaw": {
					"rotation": {
						"0.0": {
							"vector": [0, 0, 0]
						},
						"0.24": {
							"vector": [-32.5, 0, 0]
						},
						"0.44": {
							"vector": [-12.5, 0, 0]
						},
						"0.6": {
							"vector": [-32.5, 0, 0]
						},
						"0.92": {
							"vector": [0, 0, 0]
						}
					},
					"position": {
						"vector": [0, 0, 0]
					}
				},
				"lowerjaw": {
					"rotation": {
						"0.0": {
							"vector": [0, 0, 0]
						},
						"0.24": {
							"vector": [32.5, 0, 0]
						},
						"0.44": {
							"vector": [12.5, 0, 0]
						},
						"0.6": {
							"vector": [32.5, 0, 0]
						},
						"0.92": {
							"vector": [0, 0, 0]
						}
					},
					"position": {
						"vector": [0, 0, 0]
					}
				},
				"right_eye": {
					"rotation": {
						"vector": [0, "-math.sin(query.anim_time*35)*25", 0]
					}
				},
				"left_eye": {
					"rotation": {
						"vector": [0, "math.sin(query.anim_time*25)*25", 0]
					}
				},
				"body_base": {
					"rotation": {
						"0.0": {
							"vector": [0, 0, 0]
						},
						"0.24": {
							"vector": [2.5, 0, 0]
						},
						"0.76": {
							"vector": [0, 0, 0]
						}
					},
					"position": {
						"0.0": {
							"vector": [0, 0, 0]
						},
						"0.28": {
							"vector": [0, 0, -0.3]
						},
						"0.76": {
							"vector": [0, 0, 0]
						}
					}
				},
				"left_arm": {
					"rotation": {
						"0.0": {
							"vector": [0, 0, 0]
						},
						"0.24": {
							"vector": [-17.5, 30, 0]
						},
						"0.4": {
							"vector": [2.75324, 29.89489, 19.52235]
						},
						"0.6": {
							"vector": [-17.5, 30, 0]
						},
						"0.84": {
							"vector": [0, 0, 0]
						}
					}
				},
				"right_arm": {
					"rotation": {
						"0.0": {
							"vector": [0, 0, 0]
						},
						"0.24": {
							"vector": [-17.5, 30, 0]
						},
						"0.4": {
							"vector": [2.75324, 29.89489, 19.52235]
						},
						"0.6": {
							"vector": [-17.5, 30, 0]
						},
						"0.84": {
							"vector": [0, 0, 0]
						}
					}
				}
			}
		}
	},
	"geckolib_format_version": 2
}