{
	"credit": "Made with Blockbench",
	"textures": {
		"0": "tutorialmod:item/bottom_sword_texture",
		"1": "tutorialmod:item/guard_texture",
		"2": "tutorialmod:item/hilt_texture",
		"3": "tutorialmod:item/top_sword_texture",
		"particle": "tutorialmod:item/bottom_sword_texture"
	},
	"elements": [
		{
			"from": [7.4, 1, 8],
			"to": [8.65, 6, 9],
			"faces": {
				"north": {"uv": [0, 0, 2, 5], "texture": "#2"},
				"east": {"uv": [4, 0, 5, 5], "texture": "#2"},
				"south": {"uv": [2, 0, 4, 5], "texture": "#2"},
				"west": {"uv": [0, 5, 1, 10], "texture": "#2"},
				"up": {"uv": [7, 1, 5, 0], "texture": "#2"},
				"down": {"uv": [3, 5, 1, 6], "texture": "#2"}
			}
		},
		{
			"from": [7, 7, 8.25],
			"to": [9, 12, 8.75],
			"faces": {
				"north": {"uv": [0, 0, 2, 4], "texture": "#0"},
				"east": {"uv": [0, 4, 1, 8], "texture": "#0"},
				"south": {"uv": [2, 0, 4, 4], "texture": "#0"},
				"west": {"uv": [4, 0, 5, 4], "texture": "#0"},
				"up": {"uv": [3, 5, 1, 4], "texture": "#0"},
				"down": {"uv": [5, 4, 3, 5], "texture": "#0"}
			}
		},
		{
			"from": [7.25, 11, 8.375],
			"to": [8.75, 17, 8.625],
			"faces": {
				"north": {"uv": [0, 0, 2, 6], "texture": "#3"},
				"east": {"uv": [4, 0, 5, 6], "texture": "#3"},
				"south": {"uv": [2, 0, 4, 6], "texture": "#3"},
				"west": {"uv": [5, 0, 6, 6], "texture": "#3"},
				"up": {"uv": [2, 7, 0, 6], "texture": "#3"},
				"down": {"uv": [8, 0, 6, 1], "texture": "#3"}
			}
		},
		{
			"from": [5, 6, 8],
			"to": [11, 7, 9],
			"faces": {
				"north": {"uv": [0, 0, 6, 1], "texture": "#1"},
				"east": {"uv": [0, 4, 1, 5], "texture": "#1"},
				"south": {"uv": [0, 1, 6, 2], "texture": "#1"},
				"west": {"uv": [1, 4, 2, 5], "texture": "#1"},
				"up": {"uv": [6, 3, 0, 2], "texture": "#1"},
				"down": {"uv": [6, 3, 0, 4], "texture": "#1"}
			}
		}
	],
	"display": {
		"thirdperson_righthand": {
			"translation": [0, 4.5, 0.75],
			"scale": [1.5, 1.5, 1.5]
		},
		"thirdperson_lefthand": {
			"translation": [0, 4.5, 0.75],
			"scale": [1.5, 1.5, 1.5]
		},
		"firstperson_righthand": {
			"translation": [1.5, 3, 0]
		},
		"firstperson_lefthand": {
			"translation": [1.5, 3, 0]
		},
		"ground": {
			"rotation": [90, 0, 0],
			"translation": [0, -3, 0],
			"scale": [0.75, 0.75, 0.75]
		},
		"gui": {
			"rotation": [-29, 21, 45],
			"translation": [0.5, -1.25, 0],
			"scale": [1.15, 1.15, 1.15]
		},
		"head": {
			"rotation": [-45, 0, 0],
			"translation": [0, 6, -6.5]
		},
		"fixed": {
			"rotation": [0, 0, -45],
			"translation": [0, 0, -1.25]
		}
	}
}