{
  // More info on template pools can be found here: https://minecraft.gamepedia.com/Custom_world_generation#JSON_format_8
  // Yes, worldgen json files can have comments. Minecraft does "lenient" parsing of these json files.

  "name": "tutorialmod:storage_platform/side_pool",
  "fallback": "minecraft:empty",
  "elements": [
    {
      "weight": 5,
      "element": {
        "location": "tutorialmod:iron_storage_platform",
        "processors": "minecraft:empty",
        "projection": "rigid",
        "element_type": "minecraft:single_pool_element"
      }
    },
    {
      "weight": 3,
      "element": {
        "location": "tutorialmod:emerald_storage_platform",
        "processors": "minecraft:empty",
        "projection": "rigid",
        "element_type": "minecraft:single_pool_element"
      }
    },
    {
      "weight": 2,
      "element": {
        "location": "tutorialmod:diamond_storage_platform",
        "processors": "minecraft:empty",
        "projection": "rigid",
        "element_type": "minecraft:single_pool_element"
      }
    }
  ]
}